<?xml version="1.0" encoding="UTF-8" ?>
<XMLDB PATH="mod/quickfeedback/db" VERSION="20101014" COMMENT="XMLDB file for Moodle mod/quickfeedback"
    xmlns:xsi="http://www.w3.org/2001/XMLSchema-instance"
    xsi:noNamespaceSchemaLocation="../../../lib/xmldb/xmldb.xsd"
>
  <TABLES>
    <TABLE NAME="quickfeedback" COMMENT="Available quick feedbacks are stored here" NEXT="quickfeedback_response" >
      <FIELDS>
        <FIELD NAME="id" TYPE="int" LENGTH="10" NOTNULL="true" UNSIGNED="true" SEQUENCE="true" NEXT="course"/>
        <FIELD NAME="course" TYPE="int" LENGTH="10" NOTNULL="true" UNSIGNED="true" DEFAULT="0" SEQUENCE="false" PREVIOUS="id" NEXT="name"/>
        <FIELD NAME="name" TYPE="char" LENGTH="255" NOTNULL="true" SEQUENCE="false" PREVIOUS="course" NEXT="intro"/>
        <FIELD NAME="intro" TYPE="text" LENGTH="small" NOTNULL="true" SEQUENCE="false" PREVIOUS="name" NEXT="introformat"/>
        <FIELD NAME="introformat" TYPE="int" LENGTH="4" NOTNULL="true" UNSIGNED="true" DEFAULT="0" SEQUENCE="false" PREVIOUS="intro" NEXT="publish"/>

        <FIELD NAME="publish" TYPE="int" LENGTH="2" NOTNULL="true" UNSIGNED="true" DEFAULT="0" SEQUENCE="false" PREVIOUS="introformat" NEXT="showresults"/>
        <FIELD NAME="showresults" TYPE="int" LENGTH="2" NOTNULL="true" UNSIGNED="true" DEFAULT="0" SEQUENCE="false" PREVIOUS="publish" NEXT="display"/>
        <FIELD NAME="display" TYPE="int" LENGTH="4" NOTNULL="true" UNSIGNED="true" DEFAULT="0" SEQUENCE="false" PREVIOUS="showresults" NEXT="allowupdate"/>
        <FIELD NAME="allowupdate" TYPE="int" LENGTH="2" NOTNULL="true" UNSIGNED="true" DEFAULT="0" SEQUENCE="false" PREVIOUS="display" NEXT="showunanswered"/>
        <FIELD NAME="showunanswered" TYPE="int" LENGTH="2" NOTNULL="true" UNSIGNED="true" DEFAULT="0" SEQUENCE="false" PREVIOUS="allowupdate" NEXT="limitanswers"/>
        <FIELD NAME="limitanswers" TYPE="int" LENGTH="2" NOTNULL="true" UNSIGNED="true" DEFAULT="0" SEQUENCE="false" PREVIOUS="showunanswered" NEXT="timeopen"/>
        <FIELD NAME="timeopen" TYPE="int" LENGTH="10" NOTNULL="true" UNSIGNED="true" DEFAULT="0" SEQUENCE="false" PREVIOUS="limitanswers" NEXT="timeclose"/>
        <FIELD NAME="timeclose" TYPE="int" LENGTH="10" NOTNULL="true" UNSIGNED="true" DEFAULT="0" SEQUENCE="false" PREVIOUS="timeopen" NEXT="timemodified"/>
        <FIELD NAME="timemodified" TYPE="int" LENGTH="10" NOTNULL="true" UNSIGNED="true" DEFAULT="0" SEQUENCE="false" PREVIOUS="timeclose" NEXT="completionsubmit"/>

        <FIELD NAME="completionsubmit" TYPE="int" LENGTH="1" NOTNULL="true" UNSIGNED="false" DEFAULT="0" SEQUENCE="false" COMMENT="If this field is set to 1, then the activity will be automatically marked as 'complete' once the user submits their choice." PREVIOUS="timemodified"/>
      </FIELDS>
      <KEYS>
        <KEY NAME="primary" TYPE="primary" FIELDS="id"/>
      </KEYS>
      <INDEXES>
        <INDEX NAME="course" UNIQUE="false" FIELDS="course"/>
      </INDEXES>
    </TABLE>
    
     <TABLE NAME="quickfeedback_response" COMMENT="available responses to quickfeedback" PREVIOUS="quickfeedback" >
      <FIELDS>
        <FIELD NAME="id" TYPE="int" LENGTH="10" NOTNULL="true" UNSIGNED="true" SEQUENCE="true" NEXT="quickfeedbackid"/>
        <FIELD NAME="quickfeedbackid" TYPE="int" LENGTH="10" NOTNULL="true" UNSIGNED="true" DEFAULT="0" SEQUENCE="false" PREVIOUS="id" NEXT="response"/>
        <FIELD NAME="response" TYPE="text" LENGTH="small" NOTNULL="false" SEQUENCE="false" PREVIOUS="quickfeedbackid" NEXT="userid"/>
        <FIELD NAME="userid" TYPE="int" LENGTH="10" NOTNULL="true" UNSIGNED="true" DEFAULT="0" SEQUENCE="false" PREVIOUS="response" NEXT="timemodified"/>
		<FIELD NAME="timemodified" TYPE="int" LENGTH="10" NOTNULL="true" UNSIGNED="true" DEFAULT="0" SEQUENCE="false" PREVIOUS="userid"/>
      </FIELDS>
     <KEYS>
        <KEY NAME="primary" TYPE="primary" FIELDS="id" NEXT="quickfeedbackid"/>
        <KEY NAME="quickfeedbackid" TYPE="foreign" FIELDS="quickfeedbackid" REFTABLE="quickfeedback" REFFIELDS="id" PREVIOUS="primary" />
       </KEYS>
      <INDEXES>

        <INDEX NAME="userid" UNIQUE="false" FIELDS="userid"/>
      </INDEXES>
    </TABLE>

 
  </TABLES>
</XMLDB>
